Datetime,Water Level (m)
2025-04-02 18:00:00,-0.09414883
2025-04-02 19:00:00,-0.20028098
2025-04-02 20:00:00,-0.20251898
2025-04-02 21:00:00,-0.14851242
2025-04-02 22:00:00,-0.04705265
2025-04-02 23:00:00,0.074079484
2025-04-03 00:00:00,0.14461169
2025-04-03 01:00:00,0.15999052
2025-04-03 02:00:00,0.12603332
2025-04-03 03:00:00,0.04576824
2025-04-03 04:00:00,-0.064562224
2025-04-03 05:00:00,-0.17917833
2025-04-03 06:00:00,-0.3028669
2025-04-03 07:00:00,-0.40738395
2025-04-03 08:00:00,-0.39175415
2025-04-03 09:00:00,-0.30219737
2025-04-03 10:00:00,-0.16475298
2025-04-03 11:00:00,0.018108737
2025-04-03 12:00:00,0.16961099
2025-04-03 13:00:00,0.26546678
2025-04-03 14:00:00,0.30857056
2025-04-03 15:00:00,0.2877823
2025-04-03 16:00:00,0.21901143
2025-04-03 17:00:00,0.11686481
2025-04-03 18:00:00,0.00033431384
2025-04-03 19:00:00,-0.13016042
2025-04-03 20:00:00,-0.21234432
2025-04-03 21:00:00,-0.2060547
2025-04-03 22:00:00,-0.16060096
2025-04-03 23:00:00,-0.08660634
2025-04-04 00:00:00,-0.0106366305
2025-04-04 01:00:00,0.018457681
2025-04-04 02:00:00,0.003045089
2025-04-04 03:00:00,-0.03946076
2025-04-04 04:00:00,-0.11625589
2025-04-04 05:00:00,-0.20461924
2025-04-04 06:00:00,-0.30549967
2025-04-04 07:00:00,-0.4005008
2025-04-04 08:00:00,-0.4430333
2025-04-04 09:00:00,-0.38986817
2025-04-04 10:00:00,-0.29609233
2025-04-04 11:00:00,-0.14807223
2025-04-04 12:00:00,0.010267072
2025-04-04 13:00:00,0.14117166
2025-04-04 14:00:00,0.22381839
2025-04-04 15:00:00,0.25478277
2025-04-04 16:00:00,0.23458554
2025-04-04 17:00:00,0.17838754
2025-04-04 18:00:00,0.09187057
2025-04-04 19:00:00,-0.0077412473
2025-04-04 20:00:00,-0.11017596
2025-04-04 21:00:00,-0.17744498
2025-04-04 22:00:00,-0.18197162
2025-04-04 23:00:00,-0.1555402
2025-04-05 00:00:00,-0.11085662
2025-04-05 01:00:00,-0.06879952
2025-04-05 02:00:00,-0.054805923
2025-04-05 03:00:00,-0.07641545
2025-04-05 04:00:00,-0.11787762
2025-04-05 05:00:00,-0.1773319
2025-04-05 06:00:00,-0.2400488
2025-04-05 07:00:00,-0.30939537
2025-04-05 08:00:00,-0.3612591
2025-04-05 09:00:00,-0.35808468
2025-04-05 10:00:00,-0.30402276
2025-04-05 11:00:00,-0.21299708
2025-04-05 12:00:00,-0.08078766
2025-04-05 13:00:00,0.046127874
2025-04-05 14:00:00,0.15476759
2025-04-05 15:00:00,0.22260019
2025-04-05 16:00:00,0.24804878
2025-04-05 17:00:00,0.23244594
2025-04-05 18:00:00,0.19495846
2025-04-05 19:00:00,0.12830114
2025-04-05 20:00:00,0.05062227
2025-04-05 21:00:00,-0.038834315
2025-04-05 22:00:00,-0.11057875
2025-04-05 23:00:00,-0.1472752
2025-04-06 00:00:00,-0.14353015
2025-04-06 01:00:00,-0.12372239
2025-04-06 02:00:00,-0.09467459
2025-04-06 03:00:00,-0.082656786
2025-04-06 04:00:00,-0.0920654
2025-04-06 05:00:00,-0.1171201
2025-04-06 06:00:00,-0.15539229
2025-04-06 07:00:00,-0.19746454
2025-04-06 08:00:00,-0.24380703
2025-04-06 09:00:00,-0.28962785
2025-04-06 10:00:00,-0.30584577
2025-04-06 11:00:00,-0.27343354
2025-04-06 12:00:00,-0.20915243
2025-04-06 13:00:00,-0.110170506
2025-04-06 14:00:00,-0.00010478095
2025-04-06 15:00:00,0.106966816
2025-04-06 16:00:00,0.17941953
2025-04-06 17:00:00,0.22644632
2025-04-06 18:00:00,0.22488484
2025-04-06 19:00:00,0.1945766
2025-04-06 20:00:00,0.13750657
2025-04-06 21:00:00,0.05893821
2025-04-06 22:00:00,-0.036302436
2025-04-06 23:00:00,-0.11870098
2025-04-07 00:00:00,-0.18994969
2025-04-07 01:00:00,-0.21768102
2025-04-07 02:00:00,-0.20384404
2025-04-07 03:00:00,-0.17299604
2025-04-07 04:00:00,-0.12391016
2025-04-07 05:00:00,-0.07747389
2025-04-07 06:00:00,-0.056599997
2025-04-07 07:00:00,-0.05967547
2025-04-07 08:00:00,-0.085637175
2025-04-07 09:00:00,-0.12707698
2025-04-07 10:00:00,-0.18413167
2025-04-07 11:00:00,-0.24425644
2025-04-07 12:00:00,-0.27431157
2025-04-07 13:00:00,-0.23673397
2025-04-07 14:00:00,-0.168981
2025-04-07 15:00:00,-0.06361241
2025-04-07 16:00:00,0.06213239
2025-04-07 17:00:00,0.16783422
2025-04-07 18:00:00,0.23904842
2025-04-07 19:00:00,0.25820646
2025-04-07 20:00:00,0.22797404
2025-04-07 21:00:00,0.17905612
2025-04-07 22:00:00,0.10017041
2025-04-07 23:00:00,0.009469884
2025-04-08 00:00:00,-0.08638758
2025-04-08 01:00:00,-0.1593298
2025-04-08 02:00:00,-0.17211297
2025-04-08 03:00:00,-0.1292962
2025-04-08 04:00:00,-0.06705985
2025-04-08 05:00:00,0.024325535
2025-04-08 06:00:00,0.09590757
2025-04-08 07:00:00,0.13365835
2025-04-08 08:00:00,0.13902791
2025-04-08 09:00:00,0.109086536
2025-04-08 10:00:00,0.053067517
2025-04-08 11:00:00,-0.03265168
2025-04-08 12:00:00,-0.11676858
2025-04-08 13:00:00,-0.18780322
2025-04-08 14:00:00,-0.17048223
2025-04-08 15:00:00,-0.08508506
2025-04-08 16:00:00,0.04026713
2025-04-08 17:00:00,0.20397687
2025-04-08 18:00:00,0.34190992
